Id,Value (M)
280,12.574097300179325
569,19.599492470125988
8731,2.399048526045327
10085,0.17074907909751147
9831,0.7647715724475006
7346,1.6463468167657638
10496,1.4102171516457815
8318,1.3766687999649108
17589,-3.189105214077067
3615,3.886410891308877
1303,5.615999647334213
9425,1.2793681081875548
108,22.531412961565003
15757,0.18328450419094366
8768,1.625820062180516
15149,-0.016041276627667855
3442,2.9070286435981956
11995,1.7635410136609977
6585,1.8723484614972037
18,26.985954060123582
15182,-0.12625902648470344
14631,0.9356406217925652
2324,4.793171095351504
1614,6.46856399409635
17085,-2.798714307336006
8561,1.3307160329933012
8122,0.5801149190416766
412,4.842904776755468
2249,3.9630054116152564
2685,3.823698668842667
16094,-0.7459885266755677
14387,0.7477936617237049
12257,3.7730382744933095
2013,4.359027716461412
3988,4.424535667083916
5369,1.0521286674013695
13790,-0.12385251182859491
482,9.300514954465719
7328,2.3974113390928053
17121,-3.4452850104436337
13305,1.9583836703321822
16634,-1.4048545141214461
16766,-1.9762707090779799
11989,1.2060356587297605
177,9.739910902412511
16628,-1.5511843361899267
8120,1.932313673193157
4069,6.042118998020634
5618,5.122372250165348
11309,2.172453353184558
15007,0.9374124443170118
2019,3.348510825818366
10905,-0.011582524738379618
14866,1.804533749973757
2099,3.5971840220310014
14183,1.7900001971699666
3839,3.2008762069123193
9164,0.5621010962026034
15227,1.2534822913369794
3374,2.0965350211732456
5413,2.027199717184928
16516,-0.5569364692637961
13373,2.6891775076548257
8823,0.16781426226956597
11210,0.49794698350698496
11486,0.5603451535155415
2443,2.0434753281182196
7564,1.0982599122216286
4263,1.1646603993820008
3405,2.4032578988189286
14382,1.8719577834746701
2662,1.4163014432954597
2816,3.5167308651810245
5927,1.6473577768771293
15028,-0.11694547440482239
8814,0.2957960965586821
12158,1.338369854948354
5833,1.5850272145274218
16331,0.49933329969120877
5905,2.7372027004607986
6523,3.7114650333637726
1122,12.514407241434363
14250,0.38025087910811806
14604,0.5262167989716175
8420,1.7504346307407914
16088,-0.7576749827928921
5088,0.9860296464694542
3087,1.5889849708198938
16946,-0.8932910791699626
14846,2.0517716431733533
13055,1.2420130953692876
3285,2.444982672186896
2597,1.5899063327156355
9529,0.9524157095398138
1522,3.365987301449316
3987,1.7496445836785455
6902,0.7501560509303289
3108,4.3988319538512215
7026,0.8419371538294484
6885,1.1632395606722952
10399,2.0478646485350254
8395,1.2078477823380283
4255,2.9453299703161164
16589,-0.7794362126944634
12437,3.309731963854958
369,8.721902235210159
13474,0.45326117010904454
16333,-0.9875088204114206
16219,-0.12213922479647721
15651,-0.5683903651398694
7171,2.510038641171626
2709,4.940345985911883
12293,0.6231871991626363
14738,-0.06955353106621942
14039,0.20233866511477316
3755,2.8549243094791095
6373,1.1478771785052828
682,6.53094582172745
7248,1.1408983007774154
8916,0.23665008944390564
6710,1.1393714042689354
14360,1.9613356653258762
5951,1.9126722881836145
3672,3.0120588709886604
11867,0.9697479248167866
13995,0.43905790889158425
6502,2.8735703937601755
732,7.998185945997527
9997,0.5312805057278851
13434,0.41640892771292926
17911,-5.72975941327266
3540,2.921601841621481
8031,-0.05479577160514282
14851,0.28337243170382465
12276,1.4329553717487613
16859,-0.6956445883432707
3356,8.879383533932305
10071,2.5767218486235564
7726,-0.1386588769691386
128,29.219088180822432
17632,-3.5684534289989926
1991,9.592629607935415
3506,2.2232192255869307
2826,2.651063456237118
10611,0.9857449991154752
2317,6.567335401460987
15582,0.2028889578433919
14400,0.21884241031980878
13695,1.2941537810996948
17406,-2.407887271664322
9339,1.5429636842826255
2308,5.618170308140897
16785,-2.366137573422698
12846,1.705718141041089
10930,1.4879987553410459
8648,1.500772464973572
17739,-3.336022812846771
1926,4.854942679227612
12966,2.0896597705544835
8075,1.3314508110411722
15741,0.03679841528506245
15823,1.4656623349674547
9944,1.2854208116286614
8440,1.5249330425691028
15613,-0.3272301002550364
8638,2.450365194803531
4227,2.556902282338399
14290,-0.015808716386430888
4936,0.3059685745577525
11367,1.2728796622373793
5748,2.2968930340773923
9489,1.4613823659576113
11597,1.5777621706627016
8690,3.9222329240295224
2017,4.3619883972000935
13720,0.12260404718399087
8230,2.9417450851463514
14558,-0.33742753025804006
17767,-3.046011315773697
2312,2.7906004046798216
11285,1.7580046059083259
667,11.627840103533693
9347,1.625564931636724
12638,2.7707984711993277
9537,1.0929804369683254
9430,1.1484255931597573
11439,0.518311719826734
576,13.241413923226212
1110,14.88140764049951
5741,4.994844496042603
11870,1.6451852651265568
3219,7.646017075535404
189,25.214672249317907
543,17.317272664966616
4129,2.477120169231391
14005,1.5236065383475008
4651,4.282377015233834
15380,0.8426457358055401
10400,1.0698740820151258
2605,3.4331366716695797
9403,2.3474767267433307
16181,-0.9653713225301601
5687,1.4293915870869895
2290,2.0721180908241124
6829,0.5542348264889441
6436,0.4778184603279456
15170,0.2760344641620094
17070,-3.48303368986182
12526,0.39896218934666905
10642,1.6746616695867118
1666,5.5138312369760385
2270,4.043757900577042
17842,-4.049056439091288
4664,2.4112176401021586
16081,-1.30867507289949
5018,1.5017729373843451
5415,1.4973520287589608
8459,2.1759859307870926
2459,6.028204477965623
16656,-0.8572427412633985
782,10.625420047565704
14443,-0.5499450324369732
13069,1.3507916688593156
16997,-1.6520589900266316
3159,3.1958085996718353
14031,1.138920865295475
7187,2.0382514811705903
15318,2.292323079837253
14057,2.1006688517549605
13453,0.2958287952705092
7919,2.216451303965073
5872,0.0676079111831811
11583,0.6321416614285624
6783,2.0809638085590905
6034,1.7482922916647539
5503,1.860755476949457
7440,1.5740340131643222
4985,1.320967650311168
17636,-2.892275918504552
14213,1.542918570807771
11889,0.7167449369772285
12611,0.6037654560041048
13747,-0.13394352474151106
12772,0.5810440547755675
2212,2.851226752163946
5939,1.8126194900722226
2199,3.7001827805352363
1138,4.9771617734478895
13541,2.791789793651546
7835,3.3038782861549905
6615,2.829811693686075
10564,0.5252905975546085
15017,1.079457512114864
8660,4.744115189242834
9411,0.6030343308557207
9886,0.158098578299267
14792,0.38159119176872736
10796,1.3774723451631843
8362,1.6857684550020124
9191,0.8441269880817046
7031,1.6534982004597083
10019,0.26378664786972905
4991,0.4885667356750787
6147,4.385929939820649
6087,3.348298122017262
11941,1.8323807141892985
15919,-1.1778849513551322
15530,0.6698936615851849
16296,-0.06514612057686264
13463,0.295985062107917
845,7.423099217128133
17318,-2.607665613866466
9532,2.7484725875146054
1442,8.691302688163596
6462,4.433722136975547
11749,1.7047589087512023
1265,6.155428384158547
3702,4.587795352084456
13936,0.005948640161179242
16182,-0.6953444204431776
7790,0.47626721869157507
3499,3.59345343384296
8806,0.5446705969650196
3476,2.4630554169398238
10542,3.401726453549749
321,13.19058852203397
16544,-1.351317334809238
563,12.380458905062788
10474,0.8626053787877268
16125,0.47425617259097663
10801,2.7855703356724604
5090,5.59738606844072
14050,1.422270830706509
13113,0.3279485344035038
15029,1.0883395543309078
1831,4.628246840704875
6713,0.5957730160090335
11683,1.6486622415536658
243,12.25568796641631
92,29.44313974563527
1326,2.2276923385307654
7539,3.3209947329349134
6245,1.053135394867482
6805,1.5007106087428141
8024,2.1377895023763998
4176,1.6388390571202862
12556,1.3564254215355476
6628,1.1947317746357697
17109,-3.0502369548062234
7145,1.6394614106074812
8431,2.311640836595373
4992,2.5959026152386357
15353,-0.3963745877502305
1758,7.099231094474881
2870,5.8269208705204605
7530,1.640649329784651
13372,0.09398620935176183
11955,1.3227586734114212
17456,-1.8323052986262027
9727,1.3682561380068492
5717,2.0191518964689124
10952,1.1003524015503388
334,14.222414081195062
11544,0.8653163211194155
8083,0.26747067991861684
10377,0.5287675739817033
13448,1.2273860709959195
10476,0.8640857191570674
511,14.997531928239276
2288,6.043524177347443
9288,1.4472515247900262
4715,1.9031474207064463
5103,2.55790900980449
8111,1.685347149666022
1556,6.19270193189066
9644,1.0375352807769076
12850,1.4393920898774653
13147,3.0459816397053388
9440,0.6244992662111599
14492,0.017651335407180113
7535,1.0767949768661893
137,26.289557502370776
5661,2.119591167087826
2070,4.179501465563881
12348,0.40185526242650127
6835,1.897864072099182
14987,1.3265391384770595
14092,3.127041849950899
7284,3.0048534049021285
13970,3.051231957439711
2178,2.811570095866543
568,15.512958812125397
10149,1.4444011344953864
1045,5.646751691113018
42,41.03294393967436
2973,2.822057489241793
11837,2.2939764787881955
8625,1.6328827866959088
16130,-1.1377633678994954
12889,0.678987571814055
2314,4.360102990623446
4149,3.2086130127363717
10342,1.7291427810972095
12541,1.0760361368631877
1183,10.565868974243621
9319,0.8187162757869544
10697,1.3114409318901181
9234,0.7558018100899773
2722,6.121305781042729
16346,-0.2974243432456447
9499,1.6034274337554635
6826,1.0905877797395362
15431,0.3273300814005111
17184,-1.917577263346729
801,3.4176453021099604
2468,5.111078853771929
9698,1.241129576737464
13652,2.066088488443036
4750,2.3764560850791696
10046,1.6229594673580365
10206,0.11842087048216854
13242,0.4016941831980745
16425,-0.35500522416649716
6196,4.520614469774145
6404,1.4183728811044674
10464,0.7350511810084726
3133,3.041920808919251
8846,0.3194815424681323
15800,0.760930720945673
4668,2.0102482229873857
689,5.6847942072574185
5165,1.1849115516495203
14209,-0.07576250134472673
7629,2.3798975728134693
9780,1.5856011338013332
1457,11.405537894191546
12444,1.5717948327919729
2800,4.214332147028564
6223,1.8881844565674513
597,13.391600863055451
11041,0.9259225561209092
11705,0.5805536229978898
16157,-0.7138486750599355
4097,1.1836809496871723
3291,2.307534892334459
9069,1.2851542543472192
448,15.07105370253759
8965,0.8187373273066569
13139,-0.0784734436764225
13598,1.0763703018034718
14236,1.567187920064491
15158,-0.9518833066236994
15389,1.933699630086089
4676,3.88246030197854
36,33.76319232954605
254,13.973740884982426
17354,-1.35473832363936
17753,-4.4028073578706
13761,-0.2654699431165852
14780,1.3079672762014525
9102,0.23243294283212634
14647,0.9402379097379949
491,12.28684130629727
6977,3.4508379879640927
12131,0.3686362632948885
15481,-0.16698943816127354
11379,0.6157903097069735
11533,0.737021953155498
12657,1.5803168461570039
15162,0.2628676676753514
10191,0.2492071186725653
6141,1.1108010616129107
15307,0.6394790763548457
12456,1.558940569980109
6764,0.22234616256447026
14279,-0.023950588417804397
3994,2.7480473816944055
9132,0.9133640081093901
10561,0.5230700870005833
15648,0.2372493200130279
8641,1.2480408468064752
8324,0.8715180973055325
3036,3.1120131019666886
15859,0.12413849707616009
13143,0.20101940397386642
13582,0.5331995500534461
2444,4.314436313670136
5884,2.0629331668455606
9413,1.6816615988342747
16527,-1.8879828217346315
11203,1.151491751951447
7965,3.072850198185421
8737,4.481103516495033
12512,2.160699869154165
14999,0.5275609849861951
10139,1.3023560666975342
6518,2.786996925810257
13809,0.7125617874056545
17322,-2.2007748352743306
6342,3.4935689090523923
13233,0.2603892855848926
5723,4.1519249319837215
298,10.317199548136152
13600,3.1337283064865957
11536,1.1359271265536606
9076,0.21318851803069805
2164,6.093631875408782
9576,0.7251624113263233
13839,-0.3496254696727519
778,7.64279454665752
10140,0.7717682080868968
1195,10.127348308550403
11000,1.1286351354052186
1337,5.783054234573463
14776,1.4468953964232227
16719,-2.145702073708634
3749,5.084476928691821
15083,0.7429676868909922
11490,0.5633058342542228
5192,1.7724513504774393
535,16.30363882674748
9469,0.7878530025270507
16860,-1.360875812905057
2129,5.500170715103501
5182,2.048827250551632
16083,-0.49933453682324114
2339,4.094829643319294
10586,0.5415743416173555
12641,0.8952572934465266
2806,2.941773959492515
15246,1.4021888907968716
5701,2.3822575313304384
16757,-1.9829322407400127
9849,1.0546268026831669
9610,1.0268603645167218
15011,0.940373125055693
4445,2.150704178754715
3773,1.7331369651195487
503,9.457947329304254
14707,-0.09249880679099931
288,12.86379626357759
4773,3.5285904070102063
16559,-0.801641318234573
3357,2.1346701730989537
400,10.77161606985053
15250,1.1358628396332477
1565,2.673879744569277
16165,-0.9772140454848852
14799,0.24488358210096806
16810,-1.6671710540408853
15222,-0.09665221909789068
12061,0.19667185443541513
4984,0.8873156422358406
6386,0.7318329880246424
17924,-4.104416809458122
3501,1.1061442720078603
9605,1.1722937495631243
9150,0.8282708805288195
2190,4.530363184617322
14853,1.5183793706614424
8452,0.8243710799828818
5436,1.8111640745765456
8607,2.0162443862159947
9876,0.01605351050141479
8853,0.7141019615956736
9748,2.1077345867057957
6629,1.4575132417134427
3937,1.4288584725241265
12226,0.17691113394557334
630,10.017940691108002
6016,1.1601685894895724
3121,3.4587051695845688
11651,1.887018092537211
10975,0.44415948604199684
10234,0.5430757335063987
9408,0.4589250193412511
1446,7.2753753592977475
16252,-0.5088891415651062
6073,0.92582612310418
17047,-2.826840774353478
8171,0.7582720590509737
16281,-1.0259976700142772
8749,0.618535221948612
15658,0.4010306928387877
760,16.10657236591411
8457,1.5012887606619927
1141,10.931466489331605
12853,0.6409978397338634
7721,1.9352542414492007
9331,0.5438207160820951
10486,1.1697558929432788
6174,1.2843609136767853
5445,0.8246039995154106
11143,0.16457797921316342
15964,0.7621661352990614
7080,0.5908833068714401
13824,-0.36072802244280666
833,8.094679439677144
6770,2.780785600960641
545,7.812203340985626
17714,-4.431673995072742
9781,1.2735819620278903
9520,1.7898415486311947
12658,0.49666465372315116
12648,0.8931930497299092
9095,0.7658252153440372
15319,0.2444310207174354
183,23.08189921380309
15372,0.1490166745538133
5069,3.5042285252209666
10659,1.9637767296377078
10623,1.7735054970012172
13915,-0.1514837346773561
6869,1.6972157365314757
14198,2.077634916851629
3608,3.3136744961743716
11830,1.644560197776947
16155,-1.7924759430384967
4838,3.071335281030109
7380,0.6782909963213868
6243,0.7678774525772383
4317,3.474850404721444
17558,-1.6035755333973256
7439,1.5660484079703494
10217,1.8986628049064223
12670,3.078261519029688
14977,1.7375584045024155
9770,0.9961533580942117
16128,0.20718995124268247
8479,2.48905780642
8454,1.3571794491475302
6880,1.9456626004279443
610,12.557135704702738
17432,-2.9272163106675038
13027,2.134810151819373
14739,-0.1962112918234027
1051,4.756387296402522
4828,1.8666341556416413
5135,2.545367280667435
8273,1.543213422689611
11900,0.724886809008602
4953,0.46044026865760657
3594,4.864088924153968
6158,1.0871567797058006
16220,0.013244311339349224
10628,0.8564390912944191
144,19.76785384948264
8698,1.148341746372239
15579,0.6263348501707355
7759,3.8151805559618595
2981,3.326099603693521
11634,0.7900428367792927
17738,-4.817840008494116
15285,0.35390860038980065
14670,-0.25452846957495723
6819,0.5468331246422409
2857,3.2343185007944015
16698,-1.8919589156844125
11606,2.0318264102339967
7778,5.793950697889024
6643,1.347723128366276
5442,3.431325487098391
15997,-1.1201516769508473
1856,2.965821788824101
5558,3.4622416476713056
9540,1.9103065782385542
12978,0.8795060842008624
17067,-2.4081072728066175
12741,0.5580987790507876
3447,2.2012854897192824
11222,0.7543794525974263
14589,0.7626646730759532
10608,3.3231797547961435
17277,-3.176586055242552
11448,0.3903298855376107
2998,5.055838978376954
5883,2.1678546225748434
1929,1.884743804621408
16063,0.29372225519026074
15412,0.44791021384293117
13782,1.4931919531171616
6200,2.7991732339595004
13490,2.088069719486896
16892,-2.825512827467577
16644,0.33842007507161753
17968,-5.515748265912592
14418,0.7779843724577802
16619,-1.295804570958964
16738,-0.9198485466395354
17188,-2.5805879773545115
13770,0.2870104873593604
11162,3.013397332705395
13815,1.8013951711321923
5754,2.6140933971435203
11954,1.7331940360895146
5936,0.5406452058834432
1047,10.472451264137753
4467,4.57909753914516
1618,9.29480982402547
17472,-2.4605994949672763
1309,7.414277035863016
11357,1.265477960390676
1964,4.883069146245084
12886,1.9465208348948195
9173,0.5542717578460312
605,13.979568298393225
5669,2.0965307885279856
10024,0.26748749879308065
6842,1.1314122427314715
17129,-1.1504264277966882
2946,3.449327883199821
7751,1.0149557853312459
15407,-0.22900746683617967
9929,0.18268046123078818
2978,3.352860833176713
9061,1.6064831048465678
2583,3.984408131448646
7166,1.611532374429757
7370,3.039526300746573
13626,0.28198943625802997
1087,4.5427284311855445
446,7.003648012450348
11994,1.8829533394088713
9409,1.685946353104896
11507,1.915076951895827
12125,0.10215394529385691
4059,0.7298880797883456
10322,1.6853576373666002
8041,1.7391968626530385
14685,1.3722944746089212
17592,-3.5980602363858054
6866,1.5748427300449137
1466,5.169092183593669
1913,8.902132214605622
9189,0.43871654985890984
12281,0.3595092950628995
16376,-0.01317794081253254
4685,2.2848724130197837
4054,1.2937424327068001
5501,1.5754975346592062
10265,1.5157700058985384
6863,0.011845408925921674
8755,1.0486426459379956
9592,0.45322753236014535
9837,0.776458028564825
12017,0.14961349629132314
17316,-3.9483341787380226
756,16.522032653047482
4918,4.043943352063607
3611,1.4713405942424984
3841,2.3510237415189437
12662,1.1800875992269013
10214,2.143992721226809
4383,3.0980352340283233
3864,3.332287522452326
7458,0.8706676366768278
2268,4.042277560207701
9641,0.6313846723694425
9291,0.7907460756068829
5267,1.9698529152881648
1295,10.568940884463395
2772,2.483696335323067
10302,3.6425065771009315
12811,0.46802189101725844
12993,1.1671408038825248
11035,1.361638807912847
5099,3.9448545986331354
2747,7.012879146450096
541,10.206861406556037
785,7.775373668892065
3198,1.7840509222415477
3583,1.9964347278856351
961,8.280464613849311
17819,-4.066080353338705
3245,2.415375864800083
5446,2.611935102111559
553,13.337297069902043
3772,1.859794725876732
14959,2.4191884759620024
10712,0.6348357848858157
10908,1.486205881296911
5497,6.240376415596863
5995,1.1156432755742998
525,19.701568347951643
3383,3.8565802094258146
7164,2.2832688638161756
3818,3.3199759989853916
8522,6.86871990906976
17444,-2.7764454674910084
3296,3.024777918482826
15521,1.3364489596789113
1501,3.066666125650336
11771,2.132218185676706
13426,1.4948799288540826
2669,9.294801138280498
1278,13.827045848423715
12489,2.554851487769497
6409,1.0326345041929628
13148,2.0969728132226493
6642,2.820814548634978
10993,0.7195238462590652
12463,2.7976483598610784
14067,1.307455792904058
14766,0.48974469790915265
5780,1.5168164547026848
11985,0.9410336810980766
16758,-0.905045142946129
11293,2.295253996180989
15283,1.4368206226389688
13141,1.4113293571648882
1333,6.773315160557949
7728,1.6566578308209827
2293,6.331002630191712
9094,0.08462278039431226
16933,-0.7755153606288232
10690,1.575546472499731
5579,2.2007860129053043
10079,0.29370598893133604
11844,1.6259408403251285
11538,4.066354242027401
12900,0.16304685005942332
5036,1.5006051306898058
11992,0.9389694373814734
15627,1.0295659418418666
8704,2.9321282648824436
3551,2.420151989885447
10485,1.8204962474864672
12325,1.469223710797607
17755,-2.785606626087443
4919,1.0028296862206219
13742,0.38643821812113544
7889,1.11709927081575
5954,2.9588324505258967
7745,0.3010707594209592
3456,4.612811202699717
15577,1.4472055755269082
6463,1.8949547598906733
3975,1.8826513424229532
4146,1.354592654687167
843,10.619852383765497
15231,0.7178695082710576
11475,0.5449578464748654
16429,-1.0325068081928706
13703,1.8748757814281731
1884,4.96574433243191
7118,1.1938104127400209
12071,0.8627995160192725
11773,2.6795174248599523
1007,11.414329758446193
13344,2.2565370394366298
7387,1.0946477204768357
13913,-0.15296407504669673
4820,2.8539344008874465
2107,3.213666155673515
8570,1.0463545277251285
16464,-1.2758875836317074
7588,2.6623099372000922
11048,1.3060521052298455
542,8.945093238115241
7368,1.236964157947149
2799,4.213591976843894
12864,-0.28202024446076734
8962,-0.013079683982169854
9229,1.0141422560596283
14007,0.04400985325416684
16073,-1.5838831662791577
2808,3.6526983046641135
7946,1.5342373291582092
6503,0.9603217005915212
9804,1.5526471731683102
2063,5.876985885796621
12602,0.31332632242116176
3035,7.226048159635148
3907,5.9470949977185015
6215,2.8754847018132565
3106,3.12035240483781
10835,0.5839879166398134
5555,3.2674142910917325
9279,1.2987011921675418
2889,1.5843200752156221
3985,2.5487790040068177
17030,-2.166206837737114
8299,0.5692362407678715
14852,1.3612595294977154
10539,1.5839332705470568
2047,3.027367143632837
4727,2.210297934861998
3552,2.9594656238747277
16604,-0.6336902939732596
14353,0.17271080620825074
3767,3.828046218381118
17502,-3.3881433860945336
13752,0.1245531880655335
5918,0.9167613703942266
1635,8.725346643304455
6125,0.9425786676791361
15334,0.7941070372921004
1486,4.190673980563901
1762,7.6697469790553825
8837,0.4619542467758535
5668,1.9828835574200667
8207,0.6430293847386537
12941,-0.08313833928070125
6384,1.4253057824389614
1576,4.682955700065591
4895,1.410732004669896
2091,2.6342682288769765
6517,2.225946986793076
16043,-0.2596546123077488
10902,-0.0210484703016931
11934,2.9333281905430297
15740,-1.1757320484599703
16210,-0.5399762893212596
9085,2.56675075093672
8972,1.2423394864714012
1659,9.197758870655115
12026,2.183170952229929
786,17.148020137475918
14352,2.0497323243304066
11084,0.26279673927807323
7441,1.82232461022339
1311,11.723139450111042
9836,2.547817920773035
8551,2.975261897606927
9752,0.8409414938096944
8255,3.1528561857886643
17116,-2.371838933757772
17320,-1.529038345887912
5084,1.5143969945260807
14662,0.41276699870343947
15270,-0.19576741618486437
15628,0.22244591631962152
10091,0.7427453040473466
12199,0.4334587058710824
13132,-0.08365463496911474
12259,1.2857291126582098
3428,2.045333455250095
16065,0.2952025955596014
14906,1.6777608863815132
12397,0.16159143456374636
10482,0.6064854433720868
14971,1.6129648874618425
16598,0.7445295194767425
7250,1.6809521049513592
13282,2.1889101829591624
11329,1.2375077602106046
6824,0.9762003784469471
4542,1.654945482825923
4852,2.8744725822103447
13829,-0.35702717151945507
12702,2.4214847001740836
12192,0.6903188114713856
262,12.702663037815704
7723,0.39044864127215817
9247,2.6721674508347135
11839,0.8216252287041712
7783,0.3291972264384313
6564,1.5585364156796189
5451,0.5452674187025224
3951,5.525014342925438
2664,0.9848699457741361
13376,1.8545560824647183
11472,2.4349898942462787
7182,1.666847707440283
10493,1.7280014180591792
800,6.814990919966853
16603,-1.4422906598648382
10868,1.1687233015664447
10833,2.0780754717517453
14188,2.0774786500142284
1422,14.457712948802246
16382,-0.9326514409212265
10797,1.1089257834455495
13260,2.314515239856874
7923,0.8584874551736306
3010,6.48360903019752
3879,3.7763019131130378
4469,2.379791515014702
9141,0.9562527148179285
41,48.83608782231459
7438,0.7212208670322653
11515,0.29803248695007056
4147,3.5893264651925776
12329,0.3877920289177652
16993,-1.5058854347955517
595,10.574080808504952
6631,1.4734844521013812
16607,-1.573973345077306
13439,0.28546641268512474
10840,1.1335076663770636
4591,1.669477516846868
10782,0.686647697812738
17644,-3.2716956144393023
15129,0.23844205158123088
3211,2.390210078521278
4096,3.544332350765096
6080,1.2075394813084728
2546,8.19919499341082
17832,-4.19110150688914
414,10.07977988264296
10338,0.20887789984935523
3284,2.4442425020022256
9984,-0.045896910514642286
12484,1.7143087011020341
8786,0.39522382732045713
9931,1.2830440342372498
1411,4.70271642055544
9204,0.44981910262896463
11913,1.6915034530859856
12022,0.6918878110192779
6062,1.314368913916958
16282,0.06638029779821153
11387,1.3021739359493907
6351,1.4153710363634389
10147,0.3585284315075299
12724,2.026592911374067
1629,4.784246370350267
2335,4.801312967382877
6490,0.9434540531815045
2724,4.809559737721486
797,6.8200158444221515
4646,1.7246777470223336
17020,-1.7696784417303633
9112,1.0621857104043428
68,22.101150686272284
87,28.846049215419434
15446,0.8770060979751761
2548,2.8233917673015654
15505,0.11281594316382382
16214,-1.4795191702406427
12904,0.4352942627004168
16439,-1.0251051063461674
441,14.661942413391436
5188,3.046489878382822
3604,1.4516685329312082
4138,0.7883615243773008
15352,-0.1278280260325957
5310,3.988123446675324
4570,3.746038782329073
14491,1.4979881906851773
16451,-0.8815796981789674
2761,3.8871970378869136
7856,1.7658904844773886
17959,-6.060983261379228
8121,1.1469299526988124
11568,0.7556824746096638
17414,-1.8633924463823561
17094,-2.792052775673973
17267,-3.446029053982265
5640,2.6716027970515555
15086,-0.3319587301642102
17181,-2.593014603656499
3844,2.906308585896163
9267,0.3545610233027361
7194,1.945016481558632
3887,6.925513200748263
3103,1.9830214866001725
13873,0.8945760451757039
16708,-2.1538439457400074
6641,2.2742554796363947
7509,3.4116966883180524
10078,0.8532755875791764
6279,1.7370271408834341
4397,1.9732872089300884
12979,-0.19690067322368066
8940,2.2191210822944214
6492,1.9454014352833155
6575,2.367293048408605
1530,7.323058784791449
2189,2.826957402907219
3533,2.548717727521833
2151,8.346985043365997
2595,3.8079287626484373
5524,2.578497620620496
13816,-0.22476058295971768
1139,11.53376852785059
15899,0.423032036365278
14458,0.5310590129329924
11611,1.4679720573155421
11369,2.6207936621182384
16045,1.1027502575917154
10891,1.8630622159923647
4008,1.8853406534891732
5483,1.2783968694142374
3871,2.5990429689055503
7500,2.419058984942147
1858,4.917518167593272
7239,2.2186291317338984
14642,0.2633202290588841
5656,2.214306507069125
11860,1.5031401973286975
4777,1.6869966752630035
4450,1.161183422954899
17395,-2.0120990458422483
16158,-0.3091784070218182
7818,0.60265360977629
6449,2.288522475158743
16889,-0.0002226530474018773
9852,0.9294493822953385
1427,4.288892740628803
13745,0.9272321924797566
13771,3.726289156415831
6280,2.702007177754062
12250,0.052786417417209464
11110,-0.0017364378414086445
13138,1.2672200456504257
1624,5.631878325189625
12065,0.057743734213637765
1626,6.200913869400786
490,11.718545932270779
3942,3.397266231865906
2714,4.645778364895719
7806,0.34622114068584864
10304,1.2970862162262833
4721,3.6796885042073484
2545,2.828416691756857
8225,1.082018850944074
11752,2.5293304850307265
9508,0.653094533740834
7739,1.7849521987849073
7189,1.5301400977725237
6768,2.00465234070532
13927,-0.1498471274706148
6390,0.8766824697237752
11599,1.3172012141390468
8276,0.8359899284413572
17597,-2.509967022843945
13540,0.4948669672879831
6088,1.0788174768346863
12310,0.0971966284974286
8852,0.1820337626156956
135,19.881344813753152
16518,0.11051526585200833
2295,3.352818150391535
17501,-2.7156667265234447
1617,5.484808332936488
11805,0.5126818405044702
13253,2.061783621689777
4350,5.867913027087447
2735,2.1797778715786578
671,14.89424320636278
7566,3.220826831988461
9181,0.42554975337223766
15810,0.3861386299668297
14741,1.2863460740086055
10721,1.463848382273362
8800,1.227937275631362
16470,-0.31445213084701606
17098,-2.1158752651795325
4316,3.2815033885112044
12490,1.4422175552984484
17398,-2.5484519990928405
17243,-3.067108475570194
6660,1.21841722054522
8933,1.242454589306469
4249,1.1542980167966164
10013,0.25934562676170714
7709,2.585098158970311
11519,3.0663148368048
6171,1.1402516021623228
11360,0.1833061083261711
5851,1.9950349406956391
4628,1.0091561139053127
5123,2.5727124134978965
12142,2.0432165718051962
7789,0.19174944658600168
231,30.36509983708242
6282,3.2782881569745186
2590,5.41572276735517
17708,-2.955037990718097
584,9.274448857810903
6718,1.7056025345788015
14216,1.5523845163710845
7688,1.1900410151207623
9175,0.7048863341851259
12469,2.2852522221923905
8764,1.7212755723464923
7324,3.9769637739470056
4261,1.4469576609335633
16019,-1.0852788924467518
10462,1.2793897394530447
2442,5.979394409779722
4476,2.88309345928176
4251,1.7160881259984677
4857,0.9569391347710621
15166,-0.8113185791951878
7136,1.0579992400943397
5708,3.195298918330039
12144,0.6475452075979149
17809,-4.0734820551854085
6422,0.9003679156332254
252,6.168376491788187
9994,0.10339359229251244
14800,1.0534839479925537
5540,6.490772420374888
13840,0.8701504290815834
13973,0.9685930636427358
13525,2.234128171882908
16625,-1.5606502817532402
16896,-0.802901657461625
16037,-0.3987389993669268
14580,0.8906465073650764
4421,0.5649178487483439
11140,0.8355742984149117
5858,3.6666545684672585
9509,1.0722556717975564
1555,4.998887873947957
10824,1.6602384072269487
8982,1.5190279202204096
2272,2.62635023134186
1189,4.90200339194282
95,13.270036946697665
16611,0.45588325993794854
15846,-0.020127081275703063
7848,0.6248587153163996
12263,1.0049121914759809
13799,0.5705167196077952
12628,0.33257074722259006
1698,5.0756231049576215
14538,1.128846091511221
15206,-0.10849494205261578
16435,-1.4319958849383028
3369,0.9867055026034706
14346,0.9753898106224668
1882,5.8228422328345815
17509,-3.1209208979088388
7154,2.2903580319880703
15883,1.2190495091174682
17033,-1.0868393995738899
11181,0.5966345440840897
8286,2.829834843734396
12704,1.1966838769644497
7029,0.8079304893369539
11465,1.7783281782257276
1321,6.622544317381447
5334,1.7139304107122726
818,17.03706221743422
6421,0.8923823104392525
16452,-2.3619165534569646
11991,0.9382292671968031
88,15.225464493400658
5969,1.4091581927309775
7453,0.7323234198023201
12378,0.005639400094558766
15118,-0.8468467480593631
3514,6.365652119945317
12500,2.5340116197636675
1478,5.177974225809713
17931,-4.9070958138723455
15146,-0.011016352172383392
8398,1.6139983907454933
999,9.159923886629493
17287,-2.899897621493551
5528,1.1698157267639502
16945,-0.6174990824430182
12718,2.29143862216835
16982,-1.0085337534822827
4392,5.800583983938957
11330,0.5795219706581278
12308,0.23035965407923698
5120,7.449654716448116
15248,-0.7433791890429191
2774,4.904531727029401
3413,2.849336533196251
11270,1.0736852233825118
2852,4.252820996631421
2149,2.2515316967064933
12577,3.165805362834398
15452,0.2082302893274388
7938,0.982497068866941
5943,0.5458263971761355
15026,0.8240777468838942
3803,4.578627219850112
11287,2.4327017760334257
6484,2.8964745054826153
16665,-1.5310434743664274
3395,1.8500372981583197
1034,11.030384255578845
16670,-0.7049915577175554
7012,3.447762204390351
10185,1.874977358996972
6326,0.8293115779048748
221,21.440439979755077
210,23.389759581132843
1066,12.189180109171922
7685,1.4715981064876544
6900,0.7414302755516857
712,6.578985402718196
15411,-0.7646202499021086
11263,0.5371760032945119
1661,6.077685589894493
16818,-0.9880328628077635
3888,2.5277005411589
2610,4.819498357150955
10585,0.6827229723931438
6155,1.1139180091889997
1496,5.864514118889538
4695,5.74107794797316
12379,0.4320459731605908
8384,0.9159283083857517
16915,-1.327411887757492
11786,1.448367603663094
4892,6.374619527731731
5624,3.35471320888049
2420,4.828000258033349
17271,-2.507810246594815
2932,3.0350354027609754
14985,0.3825552364496616
11096,1.610867005996326
8706,1.9621233035565169
6470,2.58059821594842
8680,3.361766888359618
11265,0.7934522055475455
8406,2.009358980057712
5299,1.0003167544744471
15237,-1.0352986629951957
2037,6.930790218181649
17051,-2.278061194800891
14668,-0.09962913896524128
15915,-0.3729854363869052
17452,-3.3163430048275515
4034,1.846494232855207
12509,0.5282680971677323
12829,1.6931352479016937
11282,0.26746163488233776
7735,5.165586436069184
1395,6.65558060601915
9778,0.7327879876692762
17887,-5.343593399851287
13080,1.0968922439976865
14720,0.8596269672677721
15960,1.5815565202858863
5144,3.239736512103825
8003,1.1435151917937532
52,35.99441045744192
9933,0.058243211027622976
14633,1.1991622590549156
13610,2.722709040461247
1074,8.768033942570504
12863,0.9290298789149318
9679,0.5176223384264631
7340,1.6129240556205389
1038,6.740453732457446
17044,-2.0212010892005736
3757,1.1537390383230175
12212,1.6403803418135539
11425,0.3733059712901934
11857,0.8277028570189273
13509,1.5490686191724237
11610,0.5102374554542024
11131,1.7931526334388437
1727,4.835046743420051
5077,3.5318861917262296
6624,1.1917710938970885
4233,3.0926713322417285
9306,0.38342766050487853
9791,1.8340479976978088
329,9.117961830704708
14807,1.193308505236395
8433,1.9236819491298647
2513,5.358729663135556
1053,8.454221896752934
13491,1.2592133889367503
7647,2.720470848114246
7,54.15115488699268
13297,0.7116902752572472
8693,0.8608632935279843
10663,1.1516317796601783
2858,4.312205598588285
3377,2.14947357679236
16113,0.35246706945168427
14914,0.733933251191516
12430,0.6116834535392286
12006,0.27611499021109864
10654,0.4500171132144857
5926,1.3628400047715488
15134,0.11474497156272889
12831,1.850995259250091
10541,0.6501554842676356
12340,0.11940173403753818
11172,0.7246163783732058
1749,3.2833082419085287
15402,0.709795243898526
7435,1.5558422922223656
8025,0.9339848140100031
4680,2.8921993759940534
1223,5.22953582058387
245,24.466850624393878
4300,0.9082690942938996
6972,1.4751847936130105
10043,-0.0022268696190934634
3529,3.113312250624965
8875,-0.07747449004848761
14954,-0.31360686903089174
8891,0.4874325667294457
1106,12.211541481549439
17733,-3.609750565857098
12587,4.03178530545312
16693,-1.3756753432445095
3858,2.1782452236420795
17508,-2.1791575064354447
11073,1.3535380998838136
2142,3.6652385150183306
7533,0.3658706316945839
12104,0.08661037141578021
2490,1.9146382208093655
6639,3.011200884106522
9235,1.5426658709536483
13342,0.35555870573256243
9757,1.852354821474826
7494,2.705641000764338
6445,2.0307659325363616
14223,0.20388661314295575
12178,2.728588658190489
4850,1.3153626958625821
14364,0.738015182485583
4184,2.3831861634371236
17978,-7.105477915038357
8637,1.7981444998910021
14278,0.25908684331843546
11563,1.6799943153257644
16289,-1.5514043373322224
14646,0.6702110076510195
11578,1.436301006212119
4101,2.3911864889769205
12530,1.6064677286364173
15819,0.09453168968934733
6057,1.7145981608470677
17028,-2.975547373813363
4051,1.5535632190457918
13494,1.9346507292465205
5632,1.672459828851018
17235,-1.6105418520262447
14049,1.0320914326869897
4356,0.9497186246354374
5086,0.8426605051396621
12352,0.9361439719604903
10672,0.739872343450152
7186,1.2441419852976026
12647,1.4382717783591517
6597,1.7031145277062905
11362,3.8853662444603216
16277,0.5867620406608651
13348,2.4013865211357626
16927,-0.7799563817368451
3091,6.274276083253518
13955,2.6144630017882946
10716,0.49590766466404546
2447,3.890990421342785
6468,2.033298976765174
4589,2.3991774863076927
5104,2.507931134924057
5652,3.6302338359349733
1088,6.104245411935203
4877,0.6879649365435654
12304,0.37653320931031686
14367,0.46370352612799337
290,16.412496627958255
16413,-0.633173998284839
11865,1.4995956132427537
8311,1.5278672796512751
5074,3.046035798216451
13650,0.44164232165056916
12024,1.2391870502025242
9526,0.6881539020928074
15210,0.9788581013045814
11788,1.4426025090231391
14422,0.2351261543825558
14357,0.7214903857608448
2449,2.899249154988958
13223,2.407281438956616
8874,0.6094930395412064
8623,1.6314024463265682
7774,1.1521321955112072
9743,0.9834141981174227
12854,1.1730660387138414
13602,2.6950513739559767
17219,-1.8771804368646698
6278,3.984771481038102
2292,4.769485649442053
16599,-0.33912267295709597
1212,11.304023349410606
2887,7.5421693751852885
9014,0.3091867675415969
9017,1.2539108397536651
7219,3.2954635256683105
13766,0.8081324004066772
9249,1.2909869566460372
614,16.980385520243367
4426,3.3774129788435516
916,7.297535324232761
4362,1.7330381014131646
1498,10.58455206600032
9027,0.31880897994231105
12462,1.0320535622928304
17952,-4.872963199552913
10961,2.7662069346820033
623,12.020939018289546
378,17.81669246335047
4563,1.3867114547830965
6955,1.0441809326015559
4425,2.1214099050427038
3342,1.130346013605731
16295,-0.6044597545661361
9773,2.9123627320015544
2871,6.621030366393448
5721,1.0288909704844258
6069,2.978743106679282
15985,0.643066343225982
6802,0.676139032463297
14424,1.0517121254681072
14087,1.329504631606767
2211,7.547307883692817
17641,-4.620349784504832
3024,6.457744237736399
17510,-2.446963897968409
1310,9.423196724521922
11010,0.06613534465200388
1009,15.530585326668664
8736,3.3524983736360383
3653,1.3605389410382003
6400,0.7421953706100268
17701,-4.4412962074734565
8380,0.6291900257261673
17511,-4.0619441191975625
5841,0.3284402373793114
7384,1.631000673727435
970,5.846034789146451
12513,2.026796673387686
13095,0.9805968658258948
4313,3.450153418954855
4050,0.297560145244951
17827,-4.194802357812492
8985,0.8262952959907608
16044,-0.9321312718788377
5749,4.029280555824698
5550,2.5760057403940237
7945,0.7111460932480256
16726,-1.1980173207578844
14639,1.210848715172233
12994,0.21813197739983536
12461,0.49273992830355695
15714,-0.3871162775544832
15806,0.3541962091909383
6033,1.591172450501034
14655,2.037797068843176
10790,1.1109900271621598
10376,0.811805005717936
2122,4.465540742041135
6590,2.4436045162623614
10036,0.13448074004866584
9296,3.6799210915788265
8666,1.1174108654534933
10157,0.9262399021867438
16394,-2.40484642416785
8930,1.0476272327268887
4170,4.748706222132924
13876,0.3509776569158092
2344,6.78717227748195
3910,1.8345402804193824
17487,-2.5986311781669826
9280,1.328423102389415
8189,1.1755252202284936
2327,3.3547672912730846
17222,-3.3705278217919314
7505,2.2736255998957517
15289,0.7970265540284416
4799,2.5546132250884668
16226,-1.739923859926904
1458,10.554945258613508
12910,1.9570394843176047
9071,1.0101024278049522
16989,-2.1965538153085973
11337,0.5847031619508201
7400,1.1115153678868523
14075,2.255880716039478
9138,0.9612776392732201
10003,2.6900153820543338
16563,0.4131096560644778
17179,-2.0559214802212367
1940,4.978212122736238
4548,6.199828134668429
15483,1.7122525905148933
5437,2.6415007454960318
15620,-0.9952657387181034
279,20.2281069468498
8351,3.132741767621674
555,13.495157081250447
16143,-0.454924325743022
1351,2.104307792187072
4707,1.4932959613756296
8301,2.662821420497494
11088,1.2010155466655092
11376,0.46443556318320134
2045,7.133416596107331
208,16.31557549776877
9620,0.7577298994518245
3094,2.161721365954392
1107,5.9329472344276795
5894,1.3608908638900061
13991,1.7825308876644215
13358,2.3798064829452628
14801,0.2463639224703087
14969,1.3132160751529938
17463,-1.9617674732846666
1743,3.7335153637190714
17580,-2.799082082894941
2842,3.79077115186616
16395,-0.9085383585019073
9254,1.0543828157042867
798,4.124868796358214
12685,0.6368017446418079
16492,-1.7647545422283386
7365,1.8022988512349514
6408,0.7481167320873894
11398,1.0627653811063595
14614,-0.026691268014189973
17159,-2.340011615816948
8862,2.514599860678487
476,10.431184341041323
17639,-2.9988642984510463
12617,1.9473947016143427
7330,2.0601704966923933
17433,-1.714685846922471
9681,0.6609914797562553
15669,-0.016493838011200523
14796,0.5191952384585647
12610,1.8075701443704943
2939,4.968696327425604
5164,1.0422825805043985
11211,1.6120612563473742
9690,4.248080311250547
2553,1.41545004362969
13423,0.1317348887699481
9274,0.3597422145954283
9024,1.7976654948509676
15548,0.163232301545996
1989,9.838699694440471
2298,3.0712610590246427
6413,2.105496677531562
13533,1.828874000497514
14632,1.3330654548213943
5715,1.8757827551391202
7327,0.3552843746129497
11275,0.5388126105012603
17786,-4.49443606728628
11264,0.11224977059782049
12270,1.5559122815825859
9612,1.5596687336813702
16536,-1.4918820622377496
676,11.066946431353905
13199,0.39160317028515834
13339,0.6298703620901591
16129,-1.5424336359376198
8145,1.015559801161146
15005,1.2124642708592717
17789,-3.953642092927659
11433,1.3507126344628233
4800,1.5621317885499693
10858,2.2312230923196523
16974,-1.5312922737363408
11633,0.945682337573686
11385,0.059921561982477556
496,13.14187496298333
1548,11.189115779075642
17372,-3.375556619601177
2088,2.9013344502252707
17239,-3.466753819153034
12190,0.15026500729744185
16486,-1.2596038395689604
8836,0.7449916785120863
16761,-0.9028246323921181
9160,2.3674676529033007
11,52.215243134763575
16688,-0.5715159984609528
11426,0.23215734051441217
11720,2.9385568770119406
13994,0.5729611046580629
15269,0.47670924338622456
7676,2.8331065393650405
4639,5.932687974487415
10850,0.5950904694098682
3039,3.4819365353276552
10016,1.7281522927597734
9285,1.3103876482848662
7429,1.791706262979453
13001,0.8965299984482797
4125,3.4383993551786816
14617,1.0526761701490344
15625,0.6241555036190647
16291,-0.3453791384118148
14241,0.7992557503274398
5505,1.5784582153978874
6309,1.227904217628236
1125,7.408630917412076
4566,1.1051543634162044
8931,0.38964144317441196
8371,1.048194896945489
2110,4.492885874871597
6714,1.0366704590936706
7939,1.649208633798068
551,9.952221811509752
4876,0.6654884613309875
13929,1.0634235064590953
7318,1.4619969456066428
15171,0.2695291993373843
3792,1.6053113976678333
15197,0.9619904538945718
15314,1.6306364393614103
5327,1.1629303206056676
327,23.29811615137134
638,13.592818381624589
5774,1.6542642345551144
13357,1.8404928489559822
3334,1.4082022540492716
8354,2.2546477323757586
15848,0.6545700888493968
12754,2.7220148466699357
5588,2.8661735043044985
17776,-4.771124501035288
14824,1.8863536631408522
11218,0.361979544023896
11965,-0.016273284253394138
15417,-0.21436032998018106
6114,2.3750611102801926
1988,4.8646060556306665
5110,3.6982006087808017
1560,10.899729349352178
11677,1.5168232895037903
6204,4.250003664339907
11977,0.5311822217672599
6997,3.676964643485398
11346,2.334483015968516
4882,1.2592209913087302
7996,1.3381862815359256
16250,-0.5103694819344469
5283,1.2577607634220271
3287,8.973347856737057
4938,1.6828643144758217
1596,3.057155142730714
15069,0.7326053043056078
336,8.548342383146284
7978,0.6081737784002996
532,7.533294396682614
35,38.153759554126104
7257,1.8207766621952075
13129,0.19790245639778448
13908,0.12711267595086184
17131,-2.2188475800272656
10605,0.5556375751260916
15965,0.47188326855351903
899,11.563352764934855
4758,0.8216006359915511
7828,1.0284762794950595
2899,4.797200719078333
16998,-1.6513188198419613
11393,1.5686562539504152
7402,0.9638614722864389
269,25.90350271843051
3628,1.4839234873818938
6341,0.9823029316353811
2622,5.166974216775763
2291,2.924191066771499
6199,1.6778135261098086
8191,2.126754557265201
4744,1.3787934572479799
10980,0.5825037029165046
15629,-0.1807440113491623
5525,2.146325952914509
9458,1.772932737218845
17247,-2.2417967291059924
10886,1.9899065605974187
2203,3.5540092253041635
11278,0.2645009541436565
10923,0.40567063643914025
17144,-1.2739672409777896
3309,0.6802539946302488
14870,1.9204014916356869
4910,1.8475009603213053
6188,1.982430996036534
9032,1.534300124426025
17859,-3.7671868140495874
6407,2.8467268362723033
14428,0.3742105414417267
3577,3.9567006151960555
558,8.851274335156027
1010,6.046512137530918
6905,0.7523765614843398
10413,2.5750641898971125
14073,2.694557648570104
3142,7.276264629357662
11950,2.305033994201942
14899,0.9993628653330617
537,10.19665529080806
5228,0.6567416344326489
1134,4.8612940317859525
13013,1.047300841624775
3935,1.8530445350361404
12909,0.5663930445656078
2811,1.3846979998508857
14497,-0.375332476513627
11729,2.646949936734458
5538,2.7379942391756344
15301,0.7914177262258875
8044,1.4721306413047515
8438,1.0977862993184004
6479,1.7866449869128473
7833,0.36620573567194725
15989,-0.7221429405747557
3180,4.033703239275425
1717,10.241155783098456
9940,0.878530033036526
14404,-0.7207004705995672
17286,-2.362064327873611
5718,2.4020858594791363
17702,-3.363409109679573
3170,4.175435773398476
5293,2.9460917717662554
1067,9.188519154159174
15351,0.2753619016361881
7269,1.4329740415670926
11291,2.0534686639465463
13713,0.09568655086339106
17427,-2.2504548968257936
7795,0.6218568705753782
7309,1.1932941170516003
8416,1.4999235231277055
17737,-3.606789885118417
1531,7.91309046384584
920,7.023963838059835
324,14.05138727336
890,13.27384771481686
10124,1.0074759120065622
17697,-4.713543620114443
13331,2.8217154658870314
17788,-5.300815922623848
10601,1.7717126229570752
15907,0.8473743657147068
14884,0.988260312563007
14168,0.035779322044241724
9404,1.263824534309478
8536,2.1635445841392595
469,13.114644932987936
7355,2.6027573450951635
11923,2.5357470906768
7476,2.9905864093797803
1792,2.776562096044742
10822,1.793401432808757
649,18.985489255143854
14303,0.5396323948281889
14479,0.411959220859913
2829,2.533131470858571
10725,1.183031461091133
900,8.740807785929071
7442,1.9577081463592165
5393,1.3536703537543602
4931,2.0049333351598335
17507,-2.5838277744735763
2976,2.925714089926011
2686,3.9083641599133827
9731,1.1164209568618304
719,5.732833788248179
12828,0.48060478415665386
17468,-2.8819811435780167
10940,1.0987157943436046
10162,1.0500932490426464
1710,3.567200946664485
5256,1.5360446403754366
13093,-0.11252127217126429
16923,-2.533280819840499
11800,1.3240866202973294
13949,1.3620045120734119
6555,1.8501433559570941
872,5.405922553602785
16290,-0.3461193085964851
1622,8.16266009708054
12146,0.11769751917194782
5440,1.3667220474059718
12931,-0.23242884208785597
13403,0.655504948881152
596,15.093526304396214
17089,-2.384578093734568
14235,1.9631324127239793
16266,-1.7103170525400913
7964,0.3212792289033075
9406,1.5418370415904334
13158,1.6092736613205503
9708,1.6234796364004112
9955,2.3924459162971488
4616,1.9934956784124367
15393,1.5109939079434085
3641,6.00500559047989
5040,1.8018342833679952
15336,-0.01227281804547431
14821,-0.4120495035920442
1594,6.850445253247095
7804,1.1888281710699289
12028,-0.11153136357961557
11710,1.5267580355793058
1527,4.362909759095835
9486,0.9205883915989901
3857,2.2209776635132172
9205,1.5494425054507488
10933,0.14378560638353832
7935,4.221982675375436
12210,0.8672669807838105
3895,2.362011191453938
8895,0.2066156455472168
9283,2.535188471494493
15588,-1.4228812824810078
8082,0.11759627376419957
1022,5.309722999898192
9788,1.2860085883298922
7043,1.422075250810657
6453,3.539500624504292
11103,0.2768599727868093
2198,5.26746485592485
7644,1.7105378608184623
12305,0.23538457853452854
3920,3.3592461827752587
14534,0.31802521506563153
13485,3.168761231182053
5162,0.18946943437234154
10317,0.3424685619410255
7146,2.065867983673506
7283,0.6064944884083658
4560,0.958824541347731
15087,1.6045066084016923
1097,9.294649580585336
16705,-1.213560894635961
7906,4.469804471922302
7768,1.1476911744031852
8397,4.1165385927838685
10171,0.09251491401870737
9513,0.8131750556432422
1004,10.717156113108537
2977,5.444225502352332
7513,4.208026694745044
12197,2.4516288547690195
16237,0.5716461032926574
6886,0.4545357260547007
11435,0.5225964740973552
10763,1.4804446600109102
10470,1.165158604997849
12878,-0.2716578618753829
6617,3.456810717971635
1660,4.665302845114596
5910,0.9253308789354691
438,15.078142870709492
3974,5.71290879817051
9815,0.6182854835416265
6580,0.7335372028902256
16348,0.39900913190735565
10506,0.34047192588326425
6207,2.585785738414991
15326,0.6535423098635817
12032,0.30260485002182946
783,16.429110187110346
17865,-2.95488559723465
14910,0.19964454165752699
17615,-3.177106224284941
2064,3.6075052406140458
3139,6.706488914961845
4171,2.933873719868906
14732,2.902650368769706
2668,4.2440276135939285
17259,-2.1127621909574117
16385,-1.0650742963183646
7307,0.871808999714851
5793,6.74009712759365
4410,2.2666870232517056
6848,0.28452045807677706
14347,1.6493468105628963
15643,0.0989051031385273
3728,1.5579405058489328
14829,0.40173205359223374
15382,0.8368806411655711
17504,-2.8553350169298852
16973,-0.7459085532420104
5147,2.5687401929020766
8010,0.34083618737953714
811,9.100599042374775
15367,0.01067245767930558
11430,2.5530369824598793
15062,0.5927807470617665
15238,-0.4814941589873172
13558,1.3305410963375692
5006,1.2091132932473911
11446,2.1899313475983533
8997,0.6860431022370506
9135,0.5333907258378545
7682,1.9934601897196487
954,11.680614645607484
7148,0.4920806434592677
3643,1.9134470080240078
4886,1.6806026399194707
15175,0.01044858318305586
5438,1.245089211104073
7596,1.3839866550240885
11674,1.3582231079707228
4865,1.3885268991297863
13418,2.0202865961720207
4005,3.9824704173047465
12318,0.6489368887886968
4529,2.631299442139074
6681,1.8418413437343517
7615,0.5684533877980016
8155,1.0302069380171517
14723,-0.49183161669903086
2492,3.072965273890233
7313,3.4085121330831285
16288,-1.020816478721585
15022,2.02566192469628
13067,-0.13176569697269258
1358,11.18312680993943
6927,1.6199931113098032
17583,-2.258288108536327
10548,3.2932604137345223
1848,4.910116465746569
5300,6.334867881081912
5907,0.6610690714884555
1730,2.1413800357254615
17648,-4.076595129407529
9720,0.9591448488606957
8769,2.143397391141896
17269,-1.9707171231595524
12443,0.33752806401903257
8436,0.8125283570281567
14894,2.080054377028233
7705,4.150159723805906
11237,1.3113009041813868
9651,1.8723129728044157
4482,0.4754248640620844
16689,-1.7825661218366449
3996,2.6076389211032946
2364,5.808754074452189
13004,0.7785980130697467
14716,1.9555495191662118
4597,2.212492001759493
11560,1.5431304388205973
12557,2.343141763434083
11407,0.4801354038986787
5261,4.37752151050784
11832,2.7304329007648036
12196,1.941296960816942
5211,1.5027369820652723
9634,2.2491693074998764
3675,1.4824843110148933
17565,-2.2716111718603926
11240,0.9168367518912461
5682,3.772591437407627
4692,1.6023459045381188
510,12.584682141726908
12894,1.519530358481525
1241,7.683950240272843
6396,2.8023577891944313
14763,0.4875241873551417
3550,1.2843014120171574
9451,1.7025426308424372
717,7.284884823434517
9066,0.4750735480862929
5782,1.2417646281604249
772,7.227177992686741
2580,3.138100250141221
11770,1.7130570476199836
14119,1.8772726713022223
9364,0.5682463321762157
8151,1.5875560261109811
8661,2.7511667109718587
3709,3.494093310740034
12684,0.7779503754175892
7472,1.3139418571528623
12312,1.7361336653084933
4600,2.3855830533111657
7972,1.0366445951829277
4447,2.4287166860356564
2644,5.233976005903621
1372,3.3968505747092266
15191,0.4189759689819397
16201,0.006426512839915688
14822,-0.27666596745621774
8270,1.5337474771262976
2326,3.4596887470023603
6074,1.352232696170212
8719,1.986236385975829
1057,18.786083307567445
379,10.864881386472966
1497,7.149498932727575
17249,-2.658737356608718
150,11.38636474390534
8596,2.2991255511148267
13858,0.614186760503344
11667,0.6943159569408763
3505,3.164982617060325
9707,0.6802359045576836
11239,0.9088511466972733
17381,-1.3492445986718735
3635,5.036324702685903
3236,8.368043973477064
1609,6.472108578182294
11219,1.163334474906172
340,15.51834518096576
17080,-2.3984850604059034
9769,1.8250096886443643
12625,0.4649936026197352
11523,1.0133978532296979
13412,0.2582363826897307
16258,-0.3698047545059353
8715,1.2810771354441854
7960,0.8641374469785319
16241,0.2908291821104285
10661,2.9294969366930133
10283,2.7408833627829736
123,30.21175620120882
6025,0.03896514847728838
2767,1.6359081136462947
14727,-0.48162550095105416
5965,2.177830532652706
3660,3.024913133800524
16142,-1.1288813256834516
7305,0.3390006305502027
17280,-2.635792080883938
5491,2.113914731626423
5722,1.9866255723457584
8841,0.5850674234470858
5480,3.6375679301228203
13993,1.3800811301803009
15260,0.3426497807823381
6567,2.9651540658195543
15138,-0.024183148659041365
7202,0.40465190248961136
17912,-4.7865156814299255
11169,0.04193360305414018
16963,-0.7533102550887136
9865,2.838569588030772
5419,4.01083851672999
13127,1.968522178421317
13374,0.3647532816234076
3770,4.419558237804836
892,10.863218438858503
17941,-5.150391803486585
1324,6.057209624093652
7632,1.4323690867001133
3301,0.9581102350737964
17795,-5.295634731331155
11648,1.8847975819832001
1290,5.038822231091693
15189,2.175104820986874
16403,-0.5131777691896957
4722,1.6390418800968334
17791,-4.356091850411772
7417,0.9894548950750917
5703,5.1086068299855825
17229,-2.153556336938877
16022,-1.756275211648493
12221,0.3150990839826804
154,26.607654302458975
561,14.90399524194438
9814,1.0432117162383179
2073,6.826891149301382
3267,5.637138550878838
7678,1.5793239761182107
5532,2.115279969160696
1725,8.118745130169025
2652,2.260232547211473
8883,1.7222832388496485
10870,0.8864260400148751
7089,1.7181643761984944
9121,1.4727773399198298
11878,1.523708695662073
3361,1.5700756499958217
14176,0.573028712316912
8214,3.44251398518459
7071,1.0171336131000643
4650,3.153771872374847
17595,-3.8651264577340996
17430,-1.3129762596230279
4213,4.325885397155183
3930,1.7074548831523373
7679,2.0057305491842357
17428,-2.930176991406185
15827,-0.16883368073558813
11798,1.875670613751204
10584,1.213310831003767
14966,1.5875277315105834
11014,1.8267052177649674
8711,1.157963958772953
16268,-0.9009765164638424
9545,0.844105936561995
15822,-0.576464629512401
8720,3.5042807566696723
8974,1.647749924694196
5864,0.48735295258718025
1459,10.392060322809819
14013,2.3518789655503767
14322,1.3543103890345378
7385,2.490319084684117
1809,2.2215897853423314
16112,-0.05220319858644018
13819,0.7127180542430551
16548,-0.8097831902659465
16140,-0.726431568199331
3936,9.443325606992254
14848,0.8197253849544239
17126,-2.4990805978622177
8701,0.5830070530844367
12660,1.7099352876528613
9820,0.7638751354254296
1238,3.155778969002945
3279,2.156764049157964
14990,0.11696935547070098
7794,0.7630055013511594
10264,0.16135074119304704
4315,3.0187219214335315
13673,0.9972396997025967
16196,-1.0816667007019518
9009,1.4043691492553592
10547,0.6401056353570524
13827,1.1225695135738718
6299,0.9512157838792277
11138,0.16087712828981182
9134,0.5181596856345791
6029,1.6793825256576937
3494,4.45557625870093
14854,0.9588097720135949
9930,1.8136318928478872
5109,2.489895680819501
14663,0.5481505348392659
12895,0.6906740279313723
11743,1.9551137495268804
7702,1.0843490721963462
1250,10.499406051106725
4764,1.0953283890018781
5892,3.27339938687399
13452,0.2950886250858389
17730,-2.804110880704201
477,7.168482089135587
12932,1.2493883535594819
10277,0.1709729535937612
10859,1.594973607795069
2519,7.739053125524769
16615,-2.2412688133557026
4858,2.5184561155207135
8049,1.62496572819785
14245,1.977779549579978
14336,0.960742673766461
17345,-1.375890725320005
3215,1.8256155554181461
4530,4.895014992681688
9142,1.1133725559816554
13550,0.927935072016048
3441,1.061734060927641
13632,0.4283192583265034
1960,5.531588990234262
387,22.363795625746995
17814,-3.6658511064085957
1901,8.95845908747328
3667,2.597182487202552
6497,2.23287988812757
11339,1.7907283608712135
3258,3.8438860868053197
13635,1.7697279933827303
10153,1.5675143111666117
10241,0.7118820307874429
15593,0.742358858670066
12799,0.4591398488012146
9785,1.9425140375130354
14596,0.09462903461289329
16211,0.2758695115796215
4440,2.005114526870912
14750,-0.3227127857431853
13802,1.9119254546640292
14325,0.6833140698327895
10981,0.9799285359453265
4733,2.7678032897932283
7582,2.8547012979013715
13666,1.119456439351751
11724,0.45272805554617435
13478,0.4489764158384233
10365,1.3205002924632652
12107,0.8966910776767065
3475,1.086899847206432
17306,-3.020477753935964
2578,3.9372346704694934
10220,0.128783253067553
101,32.1529339305552
17841,-4.184439975227107
6332,0.8337525990128967
17217,-2.5663684770083677
2924,2.5672204633557456
9999,1.8791945056087371
4131,0.7831803330846085
11083,1.0844076348189091
1393,10.172338549623923
1707,3.252221094152368
10066,1.2483236432165938
3011,4.938063259835815
14911,1.1501337085095642
938,5.28377587943239
15861,0.9697062081989216
17026,-0.41880376111082285
9503,0.38735238592447985
11055,1.4386312274643913
10492,0.4719983442583313
3424,1.4530812656416998
7684,1.187080334382081
156,20.933582604410212
2,53.732307698144815
5053,3.3722333063336905
7093,2.103318849762722
9287,1.4537567896146655
16512,-1.3750027807186882
5647,3.244339192186061
2228,3.8707819518604367
15433,0.059523689867546636
13922,0.654312217312949
6018,1.012514693889166
17086,-2.2594006733467324
3295,4.155049985559032
5493,1.9735062710353048
7871,4.982471979263444
6420,1.870372876959145
341,15.377196550189971
10435,0.6990953756344283
16994,-2.4548942612782483
11953,-0.1670441274298895
6008,0.45204865821925466
14227,2.77956211697213
30,35.4283370095035
6791,0.6679971604319235
10353,1.3116182502472213
10550,0.7842149468715149
1873,3.120293482923948
11474,1.1045274451227058
5698,3.6715270994391034
495,13.14113479279866
16110,-0.0754198439836884
12773,1.1131122537555456
14174,1.7905841005172363
17765,-2.905602855182586
5397,1.498519835453493
13755,0.8072359633846062
16371,1.1109861809384327
15994,-0.31451199179795
7333,1.494835803404598
4134,2.6009735160872935
12505,2.2901620438126287
10099,1.2799946943200098
16215,-0.670918804349057
7238,1.6575791927167174
9302,0.5223557807266559
7091,1.315714618714381
16806,-2.3505939995446212
878,4.013211870134178
15329,-0.15209737528931555
16020,-0.007391794652860995
9278,0.7883692982154713
1181,5.605526035267722
16126,-1.813940878393936
518,16.847267532017845
4742,1.9448683207204525
17233,-2.2852390221513446
10039,1.4903803451234978
5947,0.6906758788752683
1663,5.518856161431323
27,41.101668537367594
6327,2.0563329116685125
14043,1.5734693103928805
9117,1.3786459032858076
1890,4.806560247551573
16552,-0.13360567977150595
4808,2.5612747567504996
13586,0.3870259948223662
12187,1.3598347903037933
12112,-0.049357068067308774
4187,1.1084074653470566
1721,6.122095800974712
5412,5.588170441030179
9747,0.8444860778956453
8928,0.10364333069949083
8348,1.1295871736027152
6676,0.44098878823437104
14157,0.16228081596401722
7294,0.18896995755837764
8569,1.1947485935102122
3810,4.030744077319596
11451,1.8736274215542892
10610,0.7012272270099018
4770,2.391259488772576
15397,1.117269925837931
14471,1.0792546891383097
10711,1.059762017582507
12962,0.8676633612461373
2727,2.570541172945454
13715,-0.022985604699812257
16190,-1.908458787535487
1481,14.111943761862939
15258,-0.4666907552939108
7175,1.5125322801778438
17192,-1.7770125359182174
17640,-3.6785863930314378
11068,0.6621295491861048
2930,4.267081660979905
47,44.90796776199918
8203,0.6400687039999724
11723,2.664245220654344
5220,1.7569489406017027
12600,0.5883781489634288
14033,0.0777451480742073
821,7.652885559570443
4394,3.67373230990151
6993,1.4545011924445816
10427,0.9841970510872784
7411,1.3961894068298264
15821,-0.30067263278546363
5578,8.760137962722403
129,17.04637320844538
15759,0.9998704752764951
11592,0.6388031930905953
3425,2.61066814853789
7890,0.6921730381190585
3290,3.0162387269520536
9840,2.536287731493111
12228,0.447678206217212
46,32.98132287612719
898,7.171305199985447
14062,1.4383983079318554
10295,1.4250680505153994
9022,2.0872081914118326
7381,3.160575233701195
13711,0.10869708051266258
7687,1.189300844936092
13687,1.4301212205827838
15783,0.3444177299528235
13443,1.9041474848376296
10251,0.29361732975278443
2232,2.029188220113234
1703,3.8095701822461976
7201,0.5458005332653997
11946,1.0468104098470903
17544,-4.037518503103442
14715,0.31735265253981737
15313,0.5237676015303236
11983,0.5283778078659793
15123,-0.16992906738025226
17547,-2.4195776011356074
13220,2.5397042943537613
14890,1.5385202324849416
11332,2.8771849672063468
17920,-4.376664222099109
16108,0.1923865475492761
12465,0.7577419059352337
9115,0.7878740540467533
1529,9.16687302709267
2253,5.995881915856081
5586,3.1991888109211644
6193,3.532417787506269
8317,3.653394880156789
3415,1.0424896361262128
2223,3.1576370961348204
9755,2.6732255468309916
5126,3.09177008282861
6116,1.3760744089170558
2812,2.946214980600537
10629,1.9343261890882957
6152,1.3592479255093863
5663,1.1278499007339988
4371,2.663486788930925
3141,6.842612621282335
13043,0.9421080162230382
1388,5.395136511110287
7717,3.3439361353057393
16305,-0.06573002392412519
11876,2.0608018190973425
1966,6.878238135070056
14114,1.356734661602168
15881,-0.5327945886168521
10223,0.9388639593284793
8751,2.8467637676293975
8753,1.9824204322174168
6469,1.7575069800382437
1061,5.516705613107284
8929,0.7848457656492229
10922,0.0010003684010158054
715,6.035387014458301
9704,1.6422552606896375
7027,2.5453429355395514
17451,-1.2901872507356487
2639,3.669498344415288
17951,-6.220137029249095
5005,1.4704144199557234
5651,2.2106056561457734
6325,3.1827175439734887
6923,1.3332548286502188
11624,0.6624886390000455
7035,0.7067098845310298
11021,0.07427721668337739
17416,-2.4004855698176186
15425,-0.08104103756096492
9709,1.9007519734966962
10866,1.1527520911784919
15023,0.5453250694182827
8859,0.7620155927595036
6559,1.9442747925911235
5140,3.0109617095186465
1033,12.001129387089442
593,14.389107224049233
17693,-3.77400073919506
3933,1.142120189864535
1915,1.8743814220360235
5367,2.185758734715648
11664,1.3653122761426246
16487,-0.8549335715308359
2093,2.068193365404504
17230,-1.4795993369984473
6214,2.412850953700726
9412,1.0077045988938451
4864,2.5228971366287354
1826,1.6666174746399136
13160,1.1488604237620237
15828,0.24308202231183174
751,13.141982319110475
13198,0.10708539817957785
16392,0.15189718853469003
8938,0.3948226344671042
12230,0.5910473475470113
4400,2.684951724286364
7197,2.307694479910296
1702,5.667875294566009
8717,2.395931578469245
3932,2.2692449923541886
3867,1.6535787265088047
17551,-2.9551903842015292
2810,2.4900864973126318
3745,1.7124121999487798
2627,6.050989613499034
7612,1.1048063410486009
2265,2.763057841009619
3458,3.2720834193412713
5376,1.908642664456778
5316,5.94278050618319
4674,7.213856834567061
12374,0.5629884881883882
9797,0.6049624202175607
15422,0.5899552816407834
10783,1.2259613318020115
6427,1.7554015723192933
14878,0.034070294787625244
17491,-3.6728174250375076
4710,1.353627670969189
15561,0.46387755087692284
4336,1.3605816238233857
7241,0.717296141612664
14626,0.7972964049180646
3089,6.265550307874882
16530,-0.284532789785402
6954,0.5048672986122824
11904,1.9613740883355533
12601,2.2120841455712252
8664,1.6907311639352613
3077,4.921705576940347
12211,0.9881596469010319
14376,-0.060962971005281474
15121,0.9057375198596276
13181,0.9023627007470978
8582,2.0412127416550447
11325,1.915009344236985
5527,4.530934169574344
1248,6.779835145728406
2169,3.1104224711533135
881,6.01636646415313
10169,1.4519591031794974
124,23.82750032817311
11153,0.9943307467853799
9961,1.730915542658714
12491,1.1736709935808136
2392,7.495917276101885
14455,-0.009734961425621691
5124,2.7153413846430183
12919,1.5090528730610728
2518,1.3895440871662288
14965,0.7716819306097022
17559,-2.6799822908218687
10481,0.7331432041292629
14139,-0.12757441427164906
6059,0.48979733763744093
14579,0.75526297122925
2917,3.8535293507257364
17207,-2.169840081001624
2148,4.379123540928617
2356,3.3979685316564243
90,32.39548974998478
17284,-2.632831400145257
14297,1.6050928663200779
103,13.836268077007539
16754,-2.1197961172451727
8907,1.8384635141863868
493,18.247651287005617
11927,1.1488015018481548
17180,-2.317222606929569
10551,0.5156683851538801
5394,3.4754971033365294
9771,0.727606796376584
6501,1.2426189621430836
12300,1.4434740211715393
9729,1.1221860515017923
11722,0.5931365161372852
5562,2.1664668147380155
2415,2.7321945677497155
7943,0.16384685406477217
10320,0.4865778734554951
1860,2.5358706316721253
6447,2.953013529535859
13859,0.47303812972756276
6870,0.3008042021395241
10225,0.6783030028048174
4252,1.2984073283110789
14963,0.09698476048460236
4242,5.0930215123593925
12050,1.385829405945806
17796,-4.621677731390726
2572,2.422734883861594
8533,0.7424360639807261
5619,3.791169630857098
16660,-0.1883106657782605
17459,-2.907231715681405
15294,-0.7093313605480844
4588,4.15604650849729
9308,0.8105744037555809
654,9.206108274805281
7824,-0.20801099983189886
15284,-0.8586218633552392
11649,0.8011453895493545
3043,2.123972686536206
11327,1.1521020989552184
15922,1.1132727803684546
17052,-1.611349629869764
11637,2.0257899459215736
17541,-3.0972354519993885
12170,1.3400064621551024
9875,0.4119980031608961
14190,2.107940730420772
10507,2.680867362302621
17699,-3.634916352135889
11962,2.0446293045156807
11806,1.8960828452471645
12802,1.269220555062141
9697,0.5309454017505288
13155,-0.0666307207216974
1062,14.562101869714432
6194,0.5824748775586315
9533,0.9553763902784951
4495,3.2068961355230385
6499,0.8009813488737834
15940,0.8573091117902152
1510,4.066549264035537
973,10.828854203334906
11935,1.70054176213943
5304,0.8621288044373472
4986,3.1372804929445266
926,7.643530843488229
1881,12.00000038982612
5786,0.8480406460549474
9474,0.5077762515294921
1786,4.19100908454125
16134,-0.7308725893073529
10271,0.16653193248573928
5010,0.6445187701442663
6790,2.3409408617354757
15384,0.9657589124767654
16366,-0.6865510374056996
6304,2.23191584344665
646,11.328518927734699
8741,3.057930752619889
11107,1.506101817104458
12934,0.31561056728006776
4334,5.473876511307175
14383,-0.45246644255673374
9521,0.8263418521299073
17864,-6.052423184295819
2874,3.7015495368523545
1961,8.435314094711678
16983,-0.7199178109539517
8657,2.3442759323797233
8310,1.2723312475829047
7299,0.4692029753933369
4234,0.717529061145207
10415,1.9250640055385944
5643,3.325303832333425
7673,2.3979741909203725
3941,1.9993743571046139
11091,0.11884369460101141
4905,0.7086897017143343
14074,1.0361048172851426
15878,-0.39312629821041156
6875,0.5882826549837787
549,7.098474581912747
10681,1.0158206070144828
14785,0.9077380292713428
3686,4.626670674194834
16576,-0.11584159533941829
7252,1.6751870103114044
4020,2.4036870541116357
1841,7.920827269669893
15338,0.25849425422617145
10350,1.7133278375466645
5825,0.7060367422594354
8067,0.3975167579243504
5666,1.697625615129816
12561,0.7086457477310404
9976,0.0900705289684467
15910,0.16188717649434636
4638,2.6902416872402384
5705,2.1159314801668145
11419,1.7225440447029925
1315,5.199215286668895
10280,1.2648312617755977
1506,6.759475801545456
3878,2.520298839312197
16084,-0.3567055656781193
381,14.129804148932713
370,8.729887840404139
16127,0.20644978105801215
8881,0.33089662891298843
13573,0.6539359493332597
7379,4.70538083387823
170,25.910053020611436
16624,-0.6188868902798532
14575,0.4830155585882636
10215,0.1250824021442014
5087,0.9852894762847839
6777,-0.05180922695572576
12119,0.23960172514629363
6999,1.6732853646060661
17012,-2.0376411001007284
6851,0.42862976959123955
15447,-0.6033307573028281
6610,1.181408711311697
14088,1.8833091356146454
1039,11.88541791226492
6183,0.723467241497012
10410,2.580089114352404
15469,0.22081318246684134
5827,3.4178951708959815
16999,-1.6288423446293763
2522,2.953281578469891
15855,-0.006220114604367666
2785,2.7626052796260865
17735,-3.6082702254877574
10918,1.3517187821831627
17263,-3.0523050718767877
13623,2.037378118078294
4815,2.1407895451618373
3328,0.5524284271785334
9734,2.479565996945958
2005,2.650440743458617
5728,2.311071370421189
4260,1.3043286897884414
1262,11.403093509141293
891,8.734146254267039
7085,2.410156830243473
509,20.245937223406678
7310,1.052145486275819
1745,8.133548533862445
3886,2.5262202007895596
6474,1.8958511969127443
12817,2.2300721044995555
7749,1.2537804368270073
11661,0.5479861348723958
15993,-1.1231123576895286
2667,3.7886393004907006
225,18.067051177480103
17000,-2.32305530922838
2358,5.953447289313921
15116,-0.1751102586729445
14229,1.3217017369067037
6353,3.1744605691070618
7413,1.128383015296862
7855,1.7506594442741132
15516,0.6595312789998005
11810,0.934803659299881
10057,0.7103340827592532
11668,3.409659751176484
14265,1.6031437254385352
3921,1.4170157495694014
12322,0.7865409354785271
14272,1.87036621362423
385,10.159878402778723
14607,0.25190514261402797
3404,1.8711896998389506
7068,2.5467081730738244
246,16.08890610290255
1979,2.7730851196176403
2446,4.443314584981323
11195,0.34495562977647864
261,22.61964806484412
6319,1.959240794295802
15067,0.461838232033962
5865,0.34620432181139904
12875,0.1300517254240674
13167,2.238433977673232
2777,5.474307441425218
11053,3.0963438885646823
17380,-2.5617750624169062
10814,2.59534026703831
14134,0.2871457026770585
4871,2.612003648807473
6816,0.9412972769323815
16047,-0.6533785944132191
2116,6.199992507505051
15293,-0.7100715307327548
16347,-0.5732163399725749
14014,3.1604793314419624
13252,0.9476693488493879
7896,0.8167665551596315
8037,1.8853704178841113
3311,4.745791517787616
16120,0.3359119557164689
5187,1.626861698593629
9307,2.1490224580731265
17748,-2.656144451428979
12003,1.2236434763244475
6505,1.245579642881765
17421,-2.6660714507965793
3856,1.5107934885262821
7742,1.7177382584714707
11631,2.0068580547949466
15635,-0.8495198199968996
4302,0.4840830317818785
1162,10.350473119330665
7899,0.4150569678601883
3122,5.424152248187674
14187,3.502871924443383
7648,1.2950775736850915
17441,-2.785911413054322
3115,8.562260983052845
7104,0.7287998872360717
6306,1.9423731468857852
1810,8.749214799707822
1222,6.69115627005953
13107,0.9822334730326361
16948,-1.0336995397610735
13517,0.3431996870894167
790,6.942232584071299
5639,3.7335186844575006
8353,1.9556390902515872
8889,0.07477669349734839
1030,11.59497877868197
9498,0.80931793788249
10717,0.780425436769626
13787,-0.24622551831515693
9696,0.8139828334867687
5646,5.917749935222098
12897,2.0530788978308436
7293,2.1384458257735446
16666,-1.664946670132906
15504,-0.0008312879440950383
16904,-0.22942509214244922
11351,1.4101711752524082
8505,1.0054889007308603
4893,0.6708259194610875
13077,0.017524805834462143
8131,0.728665251664161
14698,0.9779865891561812
13015,0.113523055345361
5282,4.022342262353398
9867,1.0679498660072326
7602,1.1263863792391007
1584,6.391542673068379
919,8.158334075558791
3659,2.4711086297926457
16016,-1.2221427689519118
12901,1.2336885128440045
17138,-0.8744781642323574
12681,2.143899829402997
17341,-2.859928431521354
3174,4.4911557960952635
13627,2.0548296688355805
7477,1.0193742361367129
8795,-0.13668810482211313
2478,2.069381284581681
4684,2.0003546409142103
11960,1.1918161583836238
5577,1.759148399636004
8901,1.4445832652435158
9328,0.257822603607174
484,9.160106493874615
16682,-1.2346829793061218
4881,2.775785021633233
9476,0.9131866897522869
15349,-0.39933526848891177
14843,1.5109776688147392
10573,1.332566889914247
15601,-0.06682541056878222
11289,1.5279057297912004
5912,0.38099232049090404
16753,-1.5819628236252328
2349,3.647583202247432
16472,-2.212469783812409
8777,-0.008122367185727342
11587,0.6351023421672437
3900,3.606484075974862
10827,0.861844157083361
7376,0.817219116543157
7862,6.2890368312919875
6009,2.119227264882852
15309,1.5834629783822507
3854,3.921422764484639
2525,3.934232825728472
8585,1.1703641414184318
927,5.544920739303315
4841,4.564898151281653
9803,2.2613510077859047
1289,8.159635682036985
16743,-1.7167624564137967
2494,1.5136688036945927
5953,1.404560904785555
7157,1.3283386758561164
6616,2.5757560019870454
9342,1.9201325526528876
17007,-1.7793006541310774
17806,-3.8064158338371143
17939,-6.09437570551399
5114,2.111402738917306
13613,2.845082046947809
9084,4.574190099226293
8446,2.217081763451482
6596,1.4403330606286175
3463,5.858764427589982
6537,1.5530426907121182
15174,-0.132180387962066
17560,-3.3524589503929576
16830,-0.5824661577475609
6379,2.5712062092178343
1948,4.1617824184880945
5845,2.6016217334852314
9581,0.7216178272403724
8190,2.4750009040851424
13503,1.133452065201645
5713,3.009412822453399
17932,-5.040999009638824
10583,0.6812426320238032
7149,1.7335928472415105
10726,5.182619898980114
17907,-5.194146630206731
6356,1.5247335132007436
17130,-1.8229030873677772
10759,0.9534013854862309
7876,0.39803305361277097
8705,1.2954117386253827
14051,0.07657734137966088
17522,-2.9766553195569685
1526,6.978357022057459
13248,1.6251709328757684
9470,0.9304819736721726
22,42.786142427951084
10609,0.4167094549043213
12302,2.380212488189642
11509,1.385229263469867
5783,3.0580774707937692
4771,1.256889251273627
2137,2.668316057371811
3633,2.7646235469493163
8295,5.176151641631115
9919,0.04788082844223851
1552,10.19160941808186
3944,1.4340396638168187
17266,-2.3768677315670175
5490,2.5026137892766016
14296,0.7964925004284993
9454,0.4857274128267832
17778,-3.692497233056727
3865,3.8716011564415993
12821,0.7519557597755693
5935,0.6817938366592244
8264,1.103640053136914
13612,0.2716270536726455
10135,0.6116876861844887
5459,2.6795207945866792
9878,1.811370218291529
17308,-2.0692484168992635
15924,0.9946006248052512
15758,0.18402467437561398
6148,1.5488940907962672
1455,7.5223418828248825
6487,0.3809237737949829
11998,1.2126971903917934
5354,2.176136522314934
1024,13.8172859628854
6963,1.071838599106819
5151,2.706344239591914
10604,0.8386750068623314
11778,2.108417636932195
13631,2.58187294336026
12923,0.8605330290719024
16641,-1.414164192847366
13313,1.403995262977034
10471,2.079420596803388
16458,-0.592620904965365
7842,0.2309784663735286
362,17.23729453655394
11171,0.6037237122559986
1235,6.5588896814997995
14779,0.23008017840756168
11440,0.9519637279020614
9942,3.6598229125405126
981,8.011490415621815
9687,1.480538131580495
1833,8.977561965783146
16009,0.26099850022736604
9078,0.4839555903023367
13075,1.227834759025491
3332,2.3999435204030988
10897,3.904664495611833
4472,2.3892574605780084
15039,0.8336999592846084
10787,0.9596352806383877
7459,1.5591155066358553
2407,4.570827618758237
14946,1.5799697628264795
4974,0.6178726434961348
17763,-2.510398532707775
3079,4.242723652544626
15761,-1.2948318405330426
10643,0.8675416440644739
102,21.519259463715223
14900,1.000103035517732
6346,1.2263087744238277
5301,3.2575270401924286
11191,0.20010614807733873
8427,1.8757683179660418
17571,-1.8632400528989166
15777,0.8713047376401093
2794,4.7194828496879495
12422,0.8533125189362636
14828,2.194828250828344
14295,2.447699896704158
10890,-0.022685077508434404
13191,0.23654757283804173
669,7.372656415089445
5800,0.5818708617287314
2254,5.876469590108208
7277,1.0277198701816985
6070,0.21416160774790427
1846,4.37730809658192
15781,-0.606811607083884
7304,2.82704996256998
9043,1.1312664635946348
6454,2.6816625539169507
4333,0.9109584053601125
15670,-1.0929005954357365
5013,2.7750712951050645
17117,-3.448245691182315
13340,0.21218956440276315
14286,0.12311940383533937
45,46.710716488646476
14395,0.49891916131736735
9906,2.0941362803553005
17290,-1.1473133535745674
7038,1.4183743998873055
6554,0.5724039771283458
1777,2.623570742314236
12183,2.71055320408594
2375,3.674073062058163
17727,-4.287408416720879
14709,0.043624899529490335
11793,0.9004844611325851
6690,0.7206379027220677
6704,1.411462550072514
12940,0.7239816862415367
15884,-0.39593071211168507
10327,0.6336478657086388
12531,0.7993477031141794
7714,1.2713470904193471
12215,1.6426008523675648
3329,8.164445804162547
15448,1.1550186052561173
4555,1.5226788942661855
17761,-3.319739068784024
2945,1.62576960555716
1306,2.212888934837359
6897,1.8815656076905967
50,39.36927960008625
2177,3.8330332724422433
201,20.836345067191964
9123,0.6519066145636572
10745,0.9430390029008464
4645,5.562180637779186
4119,1.7675198975917326
14269,-0.03135229026450759
8456,0.5363087237913504
7849,1.3277974552940393
11194,0.4716133905336548
14355,1.6480227370309564
3071,1.8609198497860717
10574,0.9583587022826734
14268,-0.032092460449177906
1604,3.0630765042080768
3734,2.2718255317592195
5465,3.393405820496966
2050,4.1357163218332715
17593,-3.597320066201135
17855,-3.7701474947882687
131,11.506944876347752
965,6.864537284983463
11011,0.7473377796017431
6440,1.4450190077525988
12492,2.273294396402605
166,19.096429893771024
6958,1.0753831831927698
2337,4.093349302949953
253,6.169116661972858
3235,3.401195769676548
6586,1.3055334278400608
13972,1.3645375563022242
14219,1.412716225964644
3780,6.562537389067636
16078,-1.176252217502352
7589,1.6553376306429968
10910,0.27589592810588215
1349,4.65682586910588
2310,2.5125878973988804
14369,1.0254936353298447
12241,3.150167737640963
11442,1.0518602591760455
7114,0.46691485718046977
17124,-1.9474966044083502
9038,0.46159421792483357
17946,-7.570271539683965
4110,1.7608583659296997
8266,0.6866994256342025
3321,0.9729136387672028
3696,4.328558469092727
9910,1.1111207893801165
13817,0.9805244457760196
197,8.193937495540943
1192,4.194779897694573
8766,2.275820246539034
6775,1.1947279012818015
1103,6.399125566626161
14324,2.0434984291782428
15931,-0.08461054652057243
1709,5.665811050849406
8162,1.7230958290842082
7545,0.8004190767919894
3580,2.2924826892711394
9091,0.9119987705751171
2025,7.587879570712069
2802,1.5199252691493044
14451,1.6247610542774211
10554,1.0492169245031988
14301,1.3387668151564611
17488,-3.2711078377380716
3991,5.809417012195944
17599,-2.650375483435056
4126,5.829512836663149
8053,1.0893529451319282
7617,7.16625302321561
14697,0.7079596870692058
16338,-1.103960465420613
7947,0.29420546574530704
971,4.7406462916846905
2927,2.889445750877165
5387,1.2073405316858867
8289,1.1293897427629744
9601,0.7436666659430884
1304,3.914074205993451
1196,6.751738995721404
14777,-0.4446169917175382
7129,1.343841085731853
16493,-0.7086037494623625
3983,2.8817943106234836
516,16.987675992608963
11969,0.12857619744574578
16378,-1.4927746259058594
14778,0.36398337417404747
9673,1.59757367993695
13447,1.3685347017717007
1156,11.48838794091558
9310,0.10261073932265674
3735,2.9385370966903466
17898,-4.662234698064154
8018,0.9288036227173109
15895,0.7038489575475069
11576,1.4493115358613764
14955,-0.3128666988462214
49,30.58592464037209
4009,2.0497059296621956
5857,0.7659493632153911
9969,0.2267781386362131
10957,-0.11498247609597456
15230,-0.8985910533274364
5521,1.448412137392161
3392,2.131594389525212
17711,-4.299251139675604
3090,5.556846473257288
12885,2.2917472824891973
14146,0.2887823098837927
7737,0.2951493979435966
17741,-4.142402668184346
14438,0.7855423411418911
2350,1.2651954961416152
13851,1.7296251068756732
2493,4.776371055600336
14628,0.14005078555025108
11665,1.2241636453668363
8108,0.42786373549584056
6566,2.2839516308698222
12507,0.384898955837933
2671,3.969715957236339
13625,1.7623262915360272
14499,1.1072248893183811
8444,2.09544892714959
17224,-1.214753626204164
13235,0.942331890719295
4948,1.024294621576061
6166,2.5192115857969952
2429,7.850553784911391
13137,0.323976313807691
10524,2.715186560469924
15788,0.6318961827970853
13763,1.8063789315851437
13145,-0.07403242256840059
4787,3.942882887449045
7178,0.6634199849691385
5207,2.067331505168397
4751,2.6392375521568425
13708,1.0344892615981038
17743,-3.736992229961544
6763,1.0294661880867082
4688,1.1954551259459834
7432,1.5681126516869597
13746,0.5312876998202682
5315,2.140024450103496
1409,7.801053396288161
1261,8.557331884738268
14975,0.2405101686518023
16663,-0.18609015522424954
11478,0.5399329220195739
5362,1.862053106824888
5535,2.7067919885844205
16765,-0.6305772197511317
3903,2.3969142929685034
11660,2.177457226120154
13565,0.37872785595359204
2319,3.796248637704984
7554,2.0406072070422923
15986,0.2181401105292906
7651,2.1486308900018187
11058,1.0586579451928557
15496,-0.4324190523028193
9045,1.7987181987104393
10825,1.6682240124209287
9284,1.5861796450118035
7638,1.4223192377895373
13369,2.544328025955693
975,11.085130405587954
3185,10.087904486433139
7839,0.5125355577404207
16230,0.28993274508835754
1277,3.1846456062050876
6289,1.369480484913879
9693,1.7615113196001175
7977,1.7063168408527432
15632,0.3672953980187543
1704,5.250934667063298
8458,0.6869233001304522
17331,-0.9605867050240278
14141,1.100187089676659
13606,2.308572826859809
10340,0.9053113750023627
8712,1.1587041289576234
15074,0.7435515902382619
1285,6.737786991693774
6702,3.0142316303239625
6985,1.342918205053273
824,10.245331662459115
12640,1.9571731808524575
14094,-0.018993271621361885
3208,3.948766378532241
8422,0.37649957156141056
13725,-0.2921160697647167
13255,1.7649954901196097
9493,1.9045003195962522
7003,1.774662236249391
17692,-4.31331437318434
4417,4.2003479479163275
10372,2.0206346185396242
1070,6.509343316483189
6882,2.9765917225669583
9584,1.5316985335012916
8688,1.2466016704394818
34,28.795603955560857
15925,0.17298972926440115
1637,5.073945333748533
12311,0.09793679868209892
9959,0.4886631686918079
7306,1.0491848055371378
13325,0.059198210672256835
8102,1.1328667191900763
17732,-4.411105496739381
5131,3.2301142997031107
8674,4.619834205877062
14350,0.028601494693788254
5160,2.032543506488885
16747,-2.649059902323863
4177,0.3915617586980886
10122,0.05624657496986174
1802,2.5913569518658903
10229,0.9867775904923022
13117,2.499693940379217
15549,0.454995508660879
1140,9.078926471651762
13275,1.0993366290479543
3869,1.9388366687990484
3794,1.7486805389976254
6111,2.471256790630825
15663,-0.15557822507037145
5942,0.9707526298728197
15423,1.0018709846882103
514,20.24963807433003
11069,1.0667998172242292
17458,-2.100111690159167
9750,0.8539520234589659
2955,3.335836918929296
11858,2.7424318905569294
13952,0.6765173228530585
14401,0.6235126783579332
11676,2.5932300469283334
8130,0.7279250814794906
13757,1.2054009665981056
3372,2.8189895556247677
13280,0.4515569552434542
14431,0.7803611498491989
12974,1.0111887694133372
13811,2.0749666573051186
11038,0.9092111755482932
15435,0.7487117300112587
13241,1.081416277778466
12982,2.698039437388232
7142,1.6010137250069647
16442,-1.2921713276944615
13229,-0.011858127056093792
1176,8.013934800672068
17,43.30242600039099
8150,2.2672781206913726
16051,-0.7923067146349894
666,7.086658302614531
15280,2.1005715068314217
7771,3.213034784280282
13907,0.23927956668943295
11114,3.4470081767783753
13203,0.2526750500633881
10077,0.8307991123666056
16825,-0.57892157366161
2104,3.3098618360241474
912,12.431553218107588
5787,0.9979150522093718
9505,0.6726103282147307
7326,1.879093839946755
16771,-1.433996394350018
3806,3.955329046487904
364,11.563222838505176
7258,1.006411201663667
16251,1.2624707506431037
5692,2.248198068726552
7352,2.218343041715592
10567,0.6693999090690781
6970,3.3255043007388494
17821,-4.468530110822819
8158,1.0251820135618601
16502,-1.3824044825653914
665,8.788583743955293
6317,1.3539780750381496
11389,1.5584501382024243
203,16.326365516864023
1274,9.694819069813299
6600,1.741562213306807
11956,1.0542121116937935
6467,2.763739116410669
15110,-0.9874114754878747
17916,-5.052841732593549
6736,0.34351019835415286
15364,0.81631214283221
9240,0.7602428311979992
15634,-1.388833453986173
8713,4.492321172100148
4423,1.2830876289292519
10,56.147064046002335
2827,1.6803183247265139
6115,2.5031992114067165
9431,1.7312118372048388
2678,6.25236339890558
9003,0.3010448955102234
10637,1.7911133145959042
3201,3.4599553042837954
420,15.18497230331797
6491,1.2352172602963805
8508,1.673680806031328
1476,4.183272278717197
6042,1.3285472502607618
17279,-2.5018888851174523
11121,0.29018303611087504
7963,1.4556494664022566
6921,2.5435647818412406
7285,0.8845069956893141
16821,-1.396987885116502
6455,2.3436815413318683
2325,7.759085215687087
10000,1.0938107851143997
4517,1.920218830130075
6909,0.6134484412625696
3140,4.465990009816473
16752,-1.1715274609471535
11932,0.8904610558785109
4240,1.289525286095035
12077,1.6968370378621103
6683,0.4461699795270775
11238,1.5813278062683622
397,11.478839564098784
6109,1.9456938564754793
17096,-2.2447535364907267
15853,-0.8010697806620115
6607,2.1724098074808538
11726,1.67324412448518
14306,-0.003965993431705783
6430,0.9062892771105879
14323,1.6243372911215062
14994,0.5238601340628435
2793,3.0740405480522526
13609,1.615840202630153
13918,0.6658424065928727
16966,-0.47455757762309503
3508,1.1113254633005525
2920,3.6848793202820858
7916,2.589179151227313
14684,2.0809983092265156
2233,3.5907052008628852
1912,4.28427052780971
7279,0.7454226086301361
531,13.753925163729953
7366,1.9014552123242723
56,32.58479448012044
5021,1.8861872407639098
8659,2.4876450737095155
5217,2.0747332070151003
7143,0.5028706625545212
15721,0.021995011591656066
14299,1.3372864747871205
2585,5.077526269445805
17657,-3.5313601339408933
12114,2.2627967984995223
14564,0.3402303206057411
229,26.547112740799456
15264,-0.06556507134173728
4557,4.361935253844585
5979,0.9981389267056215
4153,0.9413528781078071
8523,2.223356822605993
759,5.926065701623351
4408,1.9814290809614619
16732,-0.7896462017964012
16631,-0.74834906493831
17253,-4.278742502293156
16028,-1.8864775564916272
4927,1.5690608165305022
8080,0.12336136840415435
5061,1.773905247190271
4043,2.482899984217191
14488,0.14933402061964784
17321,-3.144018567117058
3407,2.5973450852138242
6785,2.0317261038633205
14125,1.747070326459088
15065,1.2971998274087397
3445,1.3484723435872255
16426,0.04241960886233187
12236,0.042424034831825
2738,2.749553585974475
3820,1.4551656218409477
4475,4.2795049936737115
7897,1.3488347541396095
15536,-0.6720989768183117
10478,0.8873023645543086
4659,1.1667447555812416
12289,0.22354185557980344
4562,2.23005865535184
6489,1.8997083146734965
17698,-2.558509594711346
10390,2.481360389772952
10631,1.3899876306437307
1511,11.871173487045105
8738,0.46850454895678695
7511,0.7752532905131986
7207,1.685351962057041
16321,0.35004279688405404
14706,-0.49716907482913086
8491,1.4207929210268304
9483,3.101643476300616
1706,4.073831989693211
1129,16.186960952670923
613,8.324428491471075
11682,0.5635297087504725
12701,0.38660317070352335
2154,4.9511197658784525
6164,2.06308310250909
2144,5.580707718741003
3178,3.3590060691503254
4189,2.3868870143604752
4470,2.594874836252835
15509,0.6688409577257133
2560,4.116518453170983
953,7.93280217037664
17520,-1.4825677644450366
14115,-0.003449697743285185
11450,1.4617117185068622
1575,6.242992340445902
5155,0.3189316090308054
10204,0.1169405301128279
7929,2.5148760427419816
17610,-1.2885545168828614
1608,4.910591597432642
2346,3.106789227888818
4926,1.83760737824813
13304,1.5319770972661502
10259,0.4341820571813031
707,7.029932694713416
8485,0.42313029319564066
2409,5.897005313611196
6753,0.7600231893470024
8514,3.0535372266880714
15991,0.09444303051079572
10982,0.8605162101974528
4884,1.635649689494322
16788,-1.6907002331129277
16099,0.19297045089654574
5250,2.099158823109221
7446,1.2874519973421386
14138,1.2253645100644945
10230,0.9730268906583746
4945,0.8801853100615986
11498,1.235198590478035
1877,5.477400299915921
8391,1.3467759025597985
12514,1.7510046766607559
6980,2.368666135899595
3387,1.7312088757577087
1675,6.059066232442667
13532,1.566092533419841
1716,6.0894132100141505
10836,2.0730505472964467
15702,-1.3385018814285914
2756,7.019540678112129
5517,3.006228267218461
2041,4.01614772924799
9558,0.4280617460813474
3136,2.9022525185128103
6813,0.797187965417919
436,8.840800723089522
9554,1.254697566077482
5149,1.1658233936854998
8802,0.010381887431030634
5337,2.8729976339778034
4971,1.6016283046559963
6967,0.7910216779245971
12096,0.888549205645333
2604,7.128750761465987
14726,0.4601378905223399
5439,1.671495784170105
16883,-1.8896707974715525
11652,2.0368924986916426
14349,1.3887858540392415
10222,1.1234852001600615
17396,-2.9538624373156352
10126,0.3429848576294532
9861,0.9361109139573713
9266,0.35382085311806577
1734,5.946356602359181
10332,0.6373487166319904
2001,9.862072606675135
5289,2.2191962162067114
14584,0.7589638221526016
15439,-0.20532202092672946
2053,4.123445962368677
7777,3.1625322245394614
1063,7.220851565002057
4114,0.9124862409056647
9953,0.7390180094674861
10452,0.44239153687151855
4716,1.776489659949263
6477,2.054451378445812
8048,1.7806052289922363
2725,3.7331529802969357
9445,3.3355583061761465
13794,-0.38293312798291623
12790,2.344730875464613
1259,6.009098562090081
2980,7.596514332341037
10770,1.8895559491570566
4455,2.420147177494421
14287,0.6624330378246199
3874,3.4670871552408755
7210,0.8362396668483356
15906,-0.11036023614663293
17344,-3.665568116674251
16449,-2.2294936980598266
5880,0.07352927266054365
17397,-2.2799054373752057
7922,1.9711213876446791
17291,-1.266725679322441
11520,2.917920771019716
3704,1.2563988194959421
5,63.317630393564905
6026,3.161258939791921
2024,4.35992415348349
6776,1.224449811503682
13224,0.5302599208344603
9242,0.3360567686859781
6435,1.6194341328362043
12254,1.0127415298325602
15975,0.3446416044490732
4575,1.9631487008409536
372,18.23791784512381
515,8.189830162876227
4093,2.3158306766321104
2675,1.2840348547357223
8531,2.6259628469275142
17486,-3.407231544058561
392,16.263130770784322
7580,2.4347999896599717
398,7.22291570546988
12425,0.8555330294902745
5584,1.3531540580659396
4629,4.27333870618039
6123,1.1047234332981475
664,13.753951607386462
4238,5.195722457534664
